,이월드,금오랜드,상록랜드,소노벨+천안
0,이월드,랜드,상록,천안
1,대구,구미,랜드마크,노벨
2,테마,금오산,안산,리조트
3,파크,공원,한세상,호텔
4,축제,경북,상록구,충남
5,이랜드,롯데,서울,파크
6,할인,도량,아파트,개최
7,달서구,놀이,분양,비치
8,튤립,조성,랜드,인터내셔널
9,랜드,올레길,안산시,시즌
10,라라,환경,산업,객실
11,서울,캐슬,대림,패키지
12,더위,관광,사동,소노캄
13,어린이날,파크,경기,오션
14,공정식,등반,경기도,만원
15,벚꽃,분양,초고,삼척
16,월드,대구,조성,비발디
17,패밀리,운교,가구,서울
18,토스,합동,천안,거제
19,경북,체육,리조트,델피
20,초여름,구미시,예정,어드벤처
21,가정,수원,지상,투어
22,행사,데크,최고,워터파크
23,개최,씨름,시티,강원
24,피크닉,빙상,광장,홍천
25,현장,경상북도,지하,캠프
26,블라썸,골드,복권,할인
27,어린이,산림,공원,양양
28,날씨,규모,파크,명소
29,위스키,실내,할인,제주
30,티웨이항공,카페,향후,아시아
31,상장,훈련,설계,창업
32,거래,건설,일대,진도
33,루미,탐방,전용,너리
34,네이션,마리,아난,삐삐
35,최고,행사,공간,농협
36,헤럴드경제,맛집,테마,대상
37,달리,도로,에버랜드,청송
38,해피,코스,위해,조율
39,트래블,낙동강,전망,티몬
40,타워,경주월드,관계자,독립기념관
41,입장권,대관람차,동탄,국내
42,주가,스포,시세,케이
43,추진,선수,울산,피아노
44,아쿠아리움,시내,소나무,고양
45,소풍,여행,거듭,리솜
46,물줄기,무료,아쿠아,교육
47,사이,할인,피아,예정
48,스노우,체험,라며,초록
49,이벤트,도립,주민,사다리
